timestamp,rssi,rate,channel,bandwidth,data_length,esp_timestamp,csi_data
2025-06-02T00:26:21.959962,-47,11,11,0,128,269408794,"[82, 33, 21, 0, -34, 8, -33, 8, -31, 8, -29, 8, -28, 9, -26, 10, -25, 10, -24, 11, -22, 12, -21, 13, -20, 14, -20, 15, -20, 16, -20, 16, -20, 16, -21, 16, -22, 14, -22, 12, -22, 10, -21, 8, -20, 6, -19, 4, -17, 3, -17, 1, -17, 0, -5, -1, 0, 0, 0, 0, 0, 0, 0, 0, 0, 0, 0, 0, 0, 0, 0, 0, 0, 0, -4, 2, -16, 8, -16, 6, -17, 5, -19, 4, -21, 4, -23, 2, -25, 1, -26, -1, -27, -3, -27, -5, -26, -6, -26, -6, -26, -6, -26, -5, -26, -4, -26, -3, -26, -2, -27, 0, -27, 1, -28, 3, -29, 4, -31, 5, -32, 7, -33, 8, -33, 8, -34, 8]"
2025-06-02T00:26:22.266966,-49,11,11,0,128,269715964,"[82, 33, 21, 0, -34, 5, -33, 5, -31, 5, -29, 5, -28, 5, -27, 7, -25, 8, -24, 9, -23, 10, -22, 11, -21, 12, -21, 13, -21, 14, -21, 14, -21, 14, -22, 13, -22, 11, -23, 9, -22, 7, -21, 5, -20, 4, -18, 3, -17, 1, -17, 0, -16, -2, -4, -1, 0, 0, 0, 0, 0, 0, 0, 0, 0, 0, 0, 0, 0, 0, 0, 0, 0, 0, -4, 1, -16, 7, -16, 5, -17, 4, -19, 3, -21, 2, -22, 1, -24, -1, -26, -3, -26, -5, -26, -7, -26, -8, -25, -8, -25, -7, -25, -7, -25, -6, -25, -5, -25, -4, -26, -2, -27, -1, -27, 0, -29, 1, -30, 3, -32, 4, -33, 5, -33, 6, -33, 6]"
2025-06-02T00:26:22.572984,-49,11,11,0,128,270023192,"[82, 33, 21, 0, -9, 30, -9, 29, -8, 27, -7, 26, -6, 25, -5, 25, -4, 24, -2, 23, -1, 22, 1, 22, 2, 22, 3, 22, 3, 22, 3, 22, 2, 23, 2, 23, 0, 23, -2, 22, -4, 20, -5, 19, -6, 17, -6, 16, -7, 14, -7, 13, -8, 12, -3, 3, 0, 0, 0, 0, 0, 0, 0, 0, 0, 0, 0, 0, 0, 0, 0, 0, 0, 0, 0, 4, 1, 15, 0, 15, -2, 16, -3, 17, -5, 18, -6, 19, -9, 20, -11, 21, -13, 21, -14, 20, -15, 19, -15, 19, -14, 19, -14, 19, -14, 19, -13, 19, -12, 20, -11, 21, -10, 22, -10, 23, -9, 25, -9, 26, -8, 28, -7, 29, -7, 30, -7, 30]"
2025-06-02T00:26:22.876818,-47,11,11,0,128,270330393,"[82, 33, 21, 0, 16, 22, 15, 21, 15, 20, 15, 18, 15, 17, 15, 16, 15, 15, 15, 13, 16, 11, 16, 10, 17, 10, 17, 9, 18, 9, 18, 8, 18, 9, 18, 10, 17, 11, 15, 12, 13, 12, 11, 12, 10, 12, 8, 12, 7, 11, 6, 11, 5, 12, 1, 3, 0, 0, 0, 0, 0, 0, 0, 0, 0, 0, 0, 0, 0, 0, 0, 0, 0, 0, 2, 1, 11, 7, 10, 9, 9, 10, 9, 11, 9, 13, 9, 15, 9, 17, 7, 19, 6, 20, 5, 20, 4, 20, 4, 20, 4, 20, 4, 19, 5, 19, 6, 19, 7, 19, 8, 19, 9, 19, 11, 19, 12, 19, 13, 20, 15, 20, 16, 21, 16, 21, 17, 21]"
2025-06-02T00:26:23.184040,-47,11,11,0,128,270637598,"[82, 33, 21, 0, 4, 29, 4, 28, 4, 27, 4, 26, 5, 24, 6, 23, 7, 22, 8, 20, 9, 19, 10, 18, 11, 18, 12, 18, 12, 18, 12, 18, 12, 18, 12, 19, 10, 19, 8, 19, 7, 19, 5, 18, 3, 17, 2, 16, 1, 15, 0, 14, -2, 14, -1, 3, 0, 0, 0, 0, 0, 0, 0, 0, 0, 0, 0, 0, 0, 0, 0, 0, 0, 0, 1, 3, 6, 13, 4, 14, 3, 14, 2, 16, 2, 17, 1, 19, -1, 20, -3, 22, -5, 22, -6, 22, -7, 22, -7, 21, -7, 21, -6, 21, -6, 21, -5, 21, -4, 21, -3, 22, -1, 23, 0, 24, 1, 25, 2, 26, 3, 27, 4, 29, 5, 29, 5, 29]"
2025-06-02T00:26:23.491074,-48,11,11,0,128,270944791,"[82, 33, 21, 0, 4, 29, 4, 27, 5, 26, 5, 25, 5, 24, 6, 23, 7, 21, 8, 20, 9, 19, 10, 18, 11, 17, 11, 17, 12, 17, 12, 17, 12, 18, 11, 18, 10, 19, 8, 19, 6, 18, 4, 17, 3, 17, 2, 15, 1, 14, 0, 14, -2, 13, -1, 3, 0, 0, 0, 0, 0, 0, 0, 0, 0, 0, 0, 0, 0, 0, 0, 0, 0, 0, 1, 3, 7, 13, 5, 13, 4, 14, 3, 15, 3, 17, 2, 18, 0, 20, -2, 22, -3, 22, -5, 22, -6, 22, -6, 21, -6, 21, -5, 21, -5, 21, -4, 21, -3, 21, -1, 22, 0, 22, 1, 23, 2, 25, 3, 26, 4, 27, 5, 28, 5, 28, 5, 28]"
2025-06-02T00:26:23.808051,-47,11,11,0,128,271251992,"[82, 33, 21, 0, -25, -16, -24, -16, -23, -15, -23, -14, -22, -12, -22, -11, -21, -9, -21, -8, -21, -6, -21, -5, -21, -4, -21, -3, -22, -2, -22, -2, -22, -2, -22, -3, -22, -4, -21, -5, -19, -7, -17, -8, -16, -8, -14, -8, -13, -8, -12, -9, -11, -10, -3, -3, 0, 0, 0, 0, 0, 0, 0, 0, 0, 0, 0, 0, 0, 0, 0, 0, 0, 0, -4, -2, -14, -6, -14, -7, -14, -9, -14, -10, -15, -12, -15, -14, -15, -16, -15, -18, -14, -20, -12, -21, -11, -21, -11, -21, -11, -20, -11, -20, -12, -19, -13, -18, -14, -18, -15, -17, -17, -17, -18, -16, -20, -16, -21, -16, -23, -16, -24, -16, -24, -17, -24, -17]"
2025-06-02T00:26:24.111052,-47,11,11,0,128,271559204,"[82, 33, 21, 0, -32, 12, -31, 11, -30, 11, -28, 12, -27, 12, -25, 13, -23, 13, -21, 14, -20, 15, -19, 16, -18, 16, -18, 17, -17, 18, -17, 18, -17, 19, -18, 19, -19, 17, -20, 15, -20, 13, -19, 10, -18, 9, -17, 7, -17, 5, -17, 3, -17, 2, -5, 0, 0, 0, 0, 0, 0, 0, 0, 0, 0, 0, 0, 0, 0, 0, 0, 0, 0, 0, -4, 2, -14, 9, -15, 8, -16, 6, -18, 6, -20, 5, -22, 4, -24, 3, -25, 1, -26, -1, -26, -2, -26, -4, -26, -4, -25, -4, -25, -3, -25, -2, -25, 0, -26, 1, -26, 3, -27, 4, -28, 6, -28, 7, -29, 9, -30, 10, -31, 11, -32, 11, -33, 11]"
2025-06-02T00:26:24.419394,-47,11,11,0,128,271866389,"[82, 33, 21, 0, 22, -28, 21, -28, 20, -27, 19, -27, 17, -26, 15, -26, 13, -26, 11, -25, 9, -25, 7, -25, 6, -26, 5, -26, 4, -27, 4, -27, 5, -27, 5, -27, 7, -26, 8, -25, 10, -23, 11, -21, 11, -19, 11, -17, 11, -15, 12, -13, 13, -12, 3, -3, 0, 0, 0, 0, 0, 0, 0, 0, 0, 0, 0, 0, 0, 0, 0, 0, 0, 0, 1, -5, 7, -17, 9, -16, 11, -16, 12, -16, 14, -17, 17, -17, 19, -17, 22, -16, 24, -15, 25, -13, 25, -12, 25, -11, 24, -11, 24, -12, 23, -13, 23, -14, 22, -15, 21, -17, 21, -19, 21, -21, 21, -23, 21, -25, 21, -26, 22, -28, 22, -29, 22, -29]"
2025-06-02T00:26:24.725016,-48,11,11,0,128,272173598,"[82, 33, 21, 0, 6, -34, 6, -33, 6, -31, 5, -30, 3, -29, 2, -28, 0, -27, -1, -26, -3, -25, -4, -25, -5, -25, -6, -25, -7, -25, -7, -25, -6, -25, -5, -26, -4, -25, -2, -25, 0, -24, 1, -22, 3, -20, 4, -19, 4, -17, 5, -16, 6, -15, 1, -4, 0, 0, 0, 0, 0, 0, 0, 0, 0, 0, 0, 0, 0, 0, 0, 0, 0, 0, -1, -5, -2, -17, -1, -18, 1, -18, 2, -19, 4, -21, 5, -22, 8, -23, 10, -24, 12, -24, 14, -23, 15, -22, 15, -22, 14, -21, 14, -21, 13, -22, 12, -22, 11, -23, 10, -24, 9, -26, 8, -27, 7, -28, 6, -30, 6, -31, 6, -33, 5, -34, 5, -34]"
2025-06-02T00:26:25.028864,-47,11,11,0,128,272480841,"[82, 33, 21, 0, 22, 19, 22, 19, 21, 18, 20, 17, 20, 16, 20, 14, 20, 12, 20, 10, 20, 8, 20, 7, 20, 6, 21, 6, 21, 5, 21, 5, 21, 6, 21, 7, 21, 8, 19, 9, 17, 10, 15, 11, 13, 11, 12, 11, 10, 10, 9, 11, 8, 11, 2, 3, 0, 0, 0, 0, 0, 0, 0, 0, 0, 0, 0, 0, 0, 0, 0, 0, 0, 0, 3, 1, 14, 5, 13, 7, 13, 8, 13, 9, 13, 12, 14, 14, 14, 16, 13, 18, 12, 20, 11, 20, 11, 21, 10, 20, 10, 20, 10, 19, 10, 19, 11, 19, 12, 18, 13, 18, 15, 18, 16, 18, 18, 18, 19, 18, 21, 18, 23, 18, 23, 18, 24, 18]"
2025-06-02T00:26:25.336886,-47,11,11,0,128,272788004,"[82, 33, 21, 0, 28, -4, 27, -4, 26, -4, 25, -4, 23, -5, 22, -6, 21, -7, 20, -8, 19, -9, 18, -10, 18, -11, 17, -12, 17, -12, 17, -13, 18, -12, 18, -12, 19, -11, 19, -9, 19, -7, 17, -5, 16, -4, 15, -3, 14, -2, 14, 0, 14, 1, 3, 0, 0, 0, 0, 0, 0, 0, 0, 0, 0, 0, 0, 0, 0, 0, 0, 0, 0, 0, 3, -2, 13, -6, 13, -4, 14, -3, 15, -3, 17, -2, 18, -1, 20, 1, 21, 3, 21, 5, 21, 6, 21, 7, 20, 7, 20, 7, 20, 6, 20, 5, 20, 5, 21, 4, 21, 2, 22, 1, 23, 0, 24, -1, 25, -2, 27, -3, 28, -4, 28, -4, 28, -5]"
2025-06-02T00:26:25.646116,-47,11,11,0,128,273095209,"[82, 33, 21, 0, -29, 3, -28, 3, -27, 3, -26, 3, -24, 4, -23, 5, -22, 6, -21, 7, -20, 8, -19, 9, -19, 9, -19, 10, -19, 11, -19, 11, -19, 11, -20, 10, -20, 9, -20, 7, -20, 6, -19, 4, -17, 2, -16, 1, -15, 0, -15, -1, -15, -3, -4, -1, 0, 0, 0, 0, 0, 0, 0, 0, 0, 0, 0, 0, 0, 0, 0, 0, 0, 0, -4, 1, -13, 5, -14, 4, -14, 3, -16, 2, -17, 1, -19, 0, -20, -1, -21, -3, -22, -5, -22, -6, -21, -8, -21, -8, -20, -7, -20, -7, -20, -6, -21, -5, -21, -4, -22, -3, -23, -2, -24, 0, -25, 1, -26, 2, -27, 2, -28, 3, -29, 3, -29, 4]"
2025-06-02T00:26:25.950245,-48,11,11,0,128,273402398,"[82, 33, 21, 0, 13, 34, 12, 33, 12, 32, 12, 30, 13, 28, 13, 27, 14, 25, 15, 23, 16, 21, 18, 20, 18, 19, 19, 19, 20, 19, 20, 18, 20, 19, 19, 20, 18, 21, 16, 22, 13, 22, 10, 21, 8, 20, 6, 19, 5, 18, 3, 18, 2, 18, 0, 4, 0, 0, 0, 0, 0, 0, 0, 0, 0, 0, 0, 0, 0, 0, 0, 0, 0, 0, 3, 3, 11, 13, 10, 14, 9, 16, 8, 17, 7, 20, 7, 22, 5, 25, 3, 27, 1, 28, 0, 28, -1, 28, -2, 27, -1, 27, -1, 27, 0, 27, 1, 27, 2, 26, 4, 27, 5, 28, 7, 29, 8, 30, 10, 31, 12, 32, 13, 33, 14, 33, 14, 33]"
2025-06-02T00:26:26.256711,-48,11,11,0,128,273709575,"[82, 33, 21, 0, 29, 14, 29, 14, 28, 13, 27, 12, 26, 10, 26, 9, 25, 7, 25, 5, 24, 3, 24, 2, 24, 1, 24, 0, 25, -1, 25, -1, 25, -1, 26, 0, 26, 1, 25, 3, 23, 5, 20, 7, 18, 7, 16, 8, 15, 8, 14, 9, 13, 10, 3, 2, 0, 0, 0, 0, 0, 0, 0, 0, 0, 0, 0, 0, 0, 0, 0, 0, 0, 0, 4, 0, 16, 3, 16, 4, 15, 6, 16, 7, 17, 9, 18, 11, 19, 13, 18, 16, 18, 18, 17, 19, 16, 20, 15, 20, 15, 19, 15, 18, 16, 18, 17, 17, 18, 17, 19, 16, 21, 15, 23, 14, 24, 14, 26, 14, 27, 14, 29, 14, 30, 14, 30, 14]"
2025-06-02T00:26:26.563924,-47,11,11,0,128,274016799,"[82, 33, 21, 0, 29, 8, 28, 8, 27, 7, 26, 6, 25, 5, 24, 3, 23, 2, 23, 1, 22, -1, 22, -2, 22, -3, 22, -4, 22, -4, 22, -5, 23, -4, 23, -3, 23, -2, 23, 0, 21, 1, 19, 3, 17, 4, 16, 4, 14, 5, 13, 6, 13, 7, 3, 2, 0, 0, 0, 0, 0, 0, 0, 0, 0, 0, 0, 0, 0, 0, 0, 0, 0, 0, 3, -1, 15, -1, 15, 1, 15, 2, 16, 3, 17, 5, 18, 7, 19, 9, 19, 11, 19, 13, 18, 14, 17, 15, 17, 15, 17, 14, 17, 14, 17, 13, 18, 12, 19, 12, 20, 11, 21, 10, 23, 9, 24, 8, 25, 8, 27, 8, 28, 8, 29, 7, 30, 7]"
2025-06-02T00:26:26.873837,-47,11,11,0,128,274324012,"[82, 33, 21, 0, -9, 32, -9, 31, -8, 30, -7, 29, -5, 28, -3, 27, -2, 26, -1, 25, 1, 24, 1, 24, 2, 24, 3, 24, 5, 24, 5, 24, 5, 24, 4, 25, 3, 25, 1, 24, -1, 23, -2, 21, -4, 20, -5, 18, -6, 16, -7, 15, -8, 14, -3, 3, 0, 0, 0, 0, 0, 0, 0, 0, 0, 0, 0, 0, 0, 0, 0, 0, 0, 0, -1, 4, -1, 16, -3, 16, -4, 16, -6, 17, -7, 18, -9, 20, -11, 21, -13, 21, -15, 20, -17, 19, -18, 18, -19, 18, -18, 17, -17, 18, -16, 19, -15, 19, -14, 21, -13, 22, -12, 23, -11, 25, -10, 27, -9, 28, -10, 29, -10, 31, -10, 32, -10, 32]"
2025-06-02T00:26:27.178049,-47,11,11,0,128,274631201,"[82, 33, 21, 0, 16, 25, 16, 24, 15, 23, 15, 22, 15, 20, 15, 19, 16, 17, 16, 15, 17, 14, 18, 13, 18, 12, 18, 12, 19, 11, 19, 11, 19, 11, 19, 13, 18, 14, 16, 14, 14, 15, 12, 15, 10, 14, 8, 14, 7, 13, 6, 13, 5, 14, 1, 3, 0, 0, 0, 0, 0, 0, 0, 0, 0, 0, 0, 0, 0, 0, 0, 0, 0, 0, 3, 2, 11, 9, 10, 10, 9, 11, 9, 13, 9, 15, 9, 17, 8, 19, 7, 21, 6, 22, 4, 23, 3, 23, 3, 22, 3, 22, 3, 21, 4, 21, 5, 21, 6, 21, 7, 21, 9, 21, 10, 22, 12, 22, 13, 23, 15, 23, 16, 24, 17, 24, 17, 24]"
2025-06-02T00:26:27.486030,-47,11,11,0,128,274938713,"[82, 33, 21, 0, 0, 33, 1, 32, 1, 31, 1, 30, 3, 28, 4, 27, 5, 26, 6, 24, 7, 23, 9, 22, 10, 22, 10, 22, 11, 22, 12, 22, 11, 22, 10, 23, 9, 23, 7, 23, 5, 22, 3, 21, 1, 20, 0, 19, -2, 17, -3, 16, -4, 16, -2, 4, 0, 0, 0, 0, 0, 0, 0, 0, 0, 0, 0, 0, 0, 0, 0, 0, 0, 0, 1, 3, 5, 15, 3, 16, 2, 16, 1, 18, 0, 19, -2, 21, -3, 23, -5, 24, -7, 24, -10, 24, -11, 23, -11, 23, -11, 23, -10, 22, -9, 23, -8, 23, -7, 24, -5, 25, -4, 26, -3, 27, -2, 28, 0, 30, 0, 31, 1, 32, 1, 33, 1, 33]"
2025-06-02T00:26:27.791930,-47,11,11,0,128,275245611,"[82, 33, 21, 0, 4, 26, 4, 26, 4, 25, 4, 23, 5, 22, 6, 21, 7, 20, 8, 18, 8, 17, 9, 17, 10, 16, 11, 16, 11, 16, 12, 16, 12, 16, 11, 17, 10, 17, 9, 17, 7, 17, 5, 16, 3, 15, 2, 14, 1, 14, 0, 13, -1, 13, -1, 3, 0, 0, 0, 0, 0, 0, 0, 0, 0, 0, 0, 0, 0, 0, 0, 0, 0, 0, 1, 3, 5, 12, 4, 12, 2, 13, 2, 14, 1, 16, 0, 17, -1, 19, -3, 20, -5, 20, -6, 20, -7, 19, -8, 19, -7, 19, -6, 19, -5, 19, -5, 19, -3, 19, -2, 20, -1, 21, 0, 22, 1, 23, 2, 24, 3, 25, 3, 26, 4, 27, 4, 27]"
2025-06-02T00:26:28.103873,-47,11,11,0,128,275552808,"[82, 33, 21, 0, -25, 12, -24, 12, -23, 12, -22, 12, -20, 12, -19, 12, -18, 13, -16, 13, -15, 14, -14, 15, -13, 15, -12, 16, -12, 16, -12, 17, -12, 17, -13, 17, -14, 16, -15, 14, -15, 12, -15, 10, -14, 9, -14, 7, -13, 6, -13, 5, -13, 3, -4, 0, 0, 0, 0, 0, 0, 0, 0, 0, 0, 0, 0, 0, 0, 0, 0, 0, 0, 0, -3, 2, -11, 8, -12, 7, -13, 6, -14, 6, -15, 6, -17, 5, -19, 4, -20, 3, -21, 2, -22, 0, -22, -1, -21, -1, -21, -1, -20, 0, -20, 1, -21, 2, -21, 3, -21, 4, -21, 6, -21, 7, -22, 8, -23, 9, -24, 11, -24, 12, -24, 12, -25, 12]"
2025-06-02T00:26:28.407541,-47,11,11,0,128,275860008,"[82, 33, 21, 0, 31, 11, 30, 10, 29, 9, 28, 9, 27, 8, 26, 6, 25, 5, 25, 3, 25, 1, 24, -1, 24, -1, 24, -2, 24, -3, 25, -4, 25, -3, 26, -2, 26, -1, 25, 1, 23, 3, 21, 5, 19, 6, 17, 6, 15, 7, 14, 8, 13, 9, 3, 2, 0, 0, 0, 0, 0, 0, 0, 0, 0, 0, 0, 0, 0, 0, 0, 0, 0, 0, 4, 0, 16, 0, 16, 2, 16, 4, 17, 5, 18, 6, 19, 9, 20, 11, 20, 14, 20, 16, 19, 17, 18, 18, 17, 18, 17, 17, 17, 16, 18, 16, 19, 15, 20, 14, 21, 13, 23, 13, 24, 12, 25, 12, 27, 11, 29, 11, 30, 11, 31, 11, 31, 11]"
2025-06-02T00:26:28.723805,-47,11,11,0,128,276167217,"[82, 33, 21, 0, -17, -26, -16, -26, -16, -25, -15, -23, -15, -22, -16, -20, -16, -19, -17, -17, -17, -16, -18, -14, -19, -14, -19, -13, -20, -13, -20, -13, -20, -13, -19, -14, -19, -15, -17, -16, -15, -16, -13, -16, -11, -16, -9, -15, -7, -15, -6, -15, -5, -15, -1, -4, 0, 0, 0, 0, 0, 0, 0, 0, 0, 0, 0, 0, 0, 0, 0, 0, 0, 0, -3, -3, -12, -10, -11, -11, -10, -12, -10, -14, -10, -16, -10, -18, -9, -20, -8, -22, -7, -23, -5, -24, -4, -24, -3, -23, -4, -23, -4, -23, -5, -22, -6, -22, -7, -22, -8, -22, -10, -23, -11, -23, -13, -23, -14, -24, -15, -25, -16, -26, -17, -26, -17, -26]"
2025-06-02T00:26:29.022927,-47,11,11,0,128,276474406,"[82, 33, 21, 0, -4, 30, -4, 29, -3, 28, -2, 27, -1, 26, 0, 25, 1, 24, 2, 22, 4, 21, 5, 21, 6, 21, 7, 21, 8, 21, 8, 21, 8, 21, 7, 22, 6, 22, 4, 22, 2, 21, 0, 19, -1, 18, -2, 17, -3, 15, -4, 14, -5, 14, -2, 3, 0, 0, 0, 0, 0, 0, 0, 0, 0, 0, 0, 0, 0, 0, 0, 0, 0, 0, 0, 3, 1, 14, 0, 15, -1, 15, -3, 16, -4, 17, -5, 19, -7, 20, -10, 20, -11, 20, -12, 19, -13, 19, -13, 19, -13, 19, -12, 19, -12, 19, -11, 19, -10, 20, -9, 21, -8, 22, -7, 24, -6, 25, -5, 26, -4, 27, -4, 29, -4, 30, -4, 30]"
2025-06-02T00:26:29.334191,-47,11,11,0,128,276781607,"[82, 33, 21, 0, -27, 21, -26, 21, -25, 20, -24, 20, -22, 20, -20, 19, -18, 19, -17, 20, -15, 20, -14, 21, -13, 21, -12, 22, -11, 23, -11, 23, -12, 23, -12, 23, -14, 22, -15, 20, -16, 18, -16, 15, -16, 13, -15, 11, -15, 10, -15, 8, -16, 7, -4, 1, 0, 0, 0, 0, 0, 0, 0, 0, 0, 0, 0, 0, 0, 0, 0, 0, 0, 0, -3, 3, -10, 13, -11, 12, -13, 12, -15, 12, -17, 12, -19, 12, -21, 11, -23, 10, -25, 9, -26, 7, -26, 6, -26, 5, -25, 5, -25, 6, -24, 7, -24, 8, -24, 9, -24, 11, -24, 13, -24, 14, -24, 16, -25, 18, -25, 19, -26, 21, -27, 21, -27, 22]"
2025-06-02T00:26:29.639771,-47,11,11,0,128,277088816,"[82, 33, 21, 0, -13, 28, -12, 27, -12, 26, -11, 25, -9, 24, -8, 24, -6, 23, -5, 22, -4, 22, -2, 22, -1, 22, 0, 23, 0, 23, 0, 23, 0, 23, -1, 23, -2, 23, -4, 22, -6, 20, -7, 18, -7, 17, -8, 15, -8, 14, -9, 12, -10, 11, -3, 2, 0, 0, 0, 0, 0, 0, 0, 0, 0, 0, 0, 0, 0, 0, 0, 0, 0, 0, -1, 3, -2, 15, -3, 14, -5, 14, -6, 15, -8, 16, -10, 17, -12, 18, -14, 18, -16, 17, -17, 16, -18, 16, -18, 15, -17, 15, -17, 15, -17, 16, -16, 16, -15, 17, -14, 18, -14, 20, -14, 21, -13, 23, -12, 24, -12, 26, -12, 27, -12, 28, -12, 28]"
2025-06-02T00:26:29.944037,-47,11,11,0,128,277396013,"[82, 33, 21, 0, 34, -1, 33, -1, 32, -2, 31, -2, 29, -3, 28, -5, 27, -6, 25, -7, 25, -9, 24, -10, 23, -11, 22, -11, 22, -12, 23, -13, 23, -13, 24, -12, 24, -11, 24, -8, 24, -6, 22, -4, 20, -2, 19, -1, 18, 0, 17, 2, 16, 4, 4, 1, 0, 0, 0, 0, 0, 0, 0, 0, 0, 0, 0, 0, 0, 0, 0, 0, 0, 0, 4, -2, 16, -5, 16, -4, 17, -2, 18, -1, 20, 0, 22, 1, 23, 3, 24, 6, 25, 8, 25, 10, 24, 11, 23, 11, 23, 11, 23, 10, 23, 9, 24, 8, 24, 6, 25, 5, 26, 4, 28, 3, 29, 1, 30, 0, 32, 0, 33, -1, 34, -1, 35, -1]"
2025-06-02T00:26:30.250078,-47,11,11,0,128,277703186,"[82, 33, 21, 0, 33, 9, 32, 9, 31, 8, 30, 7, 29, 5, 28, 4, 27, 2, 26, 0, 25, -1, 25, -2, 24, -3, 24, -4, 25, -5, 25, -6, 26, -6, 26, -5, 27, -3, 26, -1, 24, 1, 22, 3, 20, 4, 18, 4, 16, 5, 15, 7, 15, 8, 3, 2, 0, 0, 0, 0, 0, 0, 0, 0, 0, 0, 0, 0, 0, 0, 0, 0, 0, 0, 4, -1, 17, 0, 17, 1, 17, 3, 18, 4, 19, 6, 21, 8, 22, 10, 22, 13, 21, 15, 20, 16, 19, 18, 19, 18, 18, 17, 19, 16, 20, 15, 20, 15, 21, 14, 23, 12, 24, 12, 26, 11, 27, 10, 29, 9, 30, 9, 32, 9, 33, 9, 34, 9]"
2025-06-02T00:26:30.563042,-47,11,11,0,128,278010415,"[82, 33, 21, 0, -26, 24, -25, 24, -24, 23, -23, 23, -21, 22, -19, 22, -17, 22, -15, 22, -14, 22, -12, 23, -11, 23, -10, 24, -9, 24, -9, 25, -10, 25, -11, 25, -12, 24, -14, 22, -15, 20, -15, 17, -15, 15, -15, 13, -15, 11, -15, 10, -16, 8, -4, 2, 0, 0, 0, 0, 0, 0, 0, 0, 0, 0, 0, 0, 0, 0, 0, 0, 0, 0, -3, 3, -9, 15, -11, 14, -13, 13, -14, 13, -16, 14, -19, 14, -21, 13, -24, 12, -25, 11, -26, 9, -27, 8, -27, 7, -26, 7, -25, 8, -25, 9, -25, 10, -24, 11, -24, 13, -24, 15, -24, 17, -24, 19, -25, 20, -25, 22, -26, 24, -26, 24, -26, 24]"
2025-06-02T00:26:30.869036,-47,11,11,0,128,278317754,"[82, 33, 21, 0, 4, -36, 4, -35, 4, -33, 3, -32, 2, -32, 0, -30, -1, -29, -3, -27, -4, -26, -6, -26, -8, -26, -9, -26, -9, -26, -9, -26, -9, -26, -8, -27, -6, -27, -4, -27, -2, -25, 0, -24, 1, -22, 2, -20, 3, -18, 4, -17, 6, -17, 1, -5, 0, 0, 0, 0, 0, 0, 0, 0, 0, 0, 0, 0, 0, 0, 0, 0, 0, 0, -1, -5, -3, -18, -2, -18, 0, -19, 1, -20, 3, -22, 5, -23, 7, -25, 9, -25, 12, -25, 13, -24, 14, -24, 14, -24, 13, -23, 13, -23, 12, -24, 11, -24, 10, -25, 9, -26, 8, -27, 7, -29, 6, -30, 5, -32, 4, -33, 3, -35, 3, -36, 3, -37]"
2025-06-02T00:26:31.177055,-46,11,11,0,128,278624816,"[82, 33, 21, 0, -24, 21, -24, 20, -22, 20, -21, 20, -19, 19, -17, 19, -16, 20, -13, 19, -12, 19, -11, 19, -11, 20, -10, 21, -9, 22, -9, 22, -9, 23, -10, 23, -11, 22, -12, 20, -13, 18, -14, 16, -14, 14, -13, 11, -13, 10, -14, 8, -15, 7, -4, 1, 0, 0, 0, 0, 0, 0, 0, 0, 0, 0, 0, 0, 0, 0, 0, 0, 0, 0, -3, 3, -10, 12, -11, 12, -12, 11, -14, 11, -15, 11, -18, 11, -20, 11, -22, 10, -23, 9, -24, 7, -24, 6, -24, 5, -24, 5, -24, 6, -23, 7, -23, 8, -23, 10, -22, 11, -22, 13, -22, 14, -22, 16, -22, 18, -23, 19, -24, 20, -25, 21, -25, 21]"
2025-06-02T00:26:31.478799,-48,11,11,0,128,278932009,"[82, 33, 21, 0, 15, 25, 15, 24, 14, 23, 14, 22, 14, 20, 15, 19, 15, 17, 15, 15, 16, 14, 16, 13, 17, 13, 17, 12, 18, 11, 19, 11, 19, 11, 19, 12, 18, 13, 16, 14, 14, 14, 12, 14, 10, 14, 8, 14, 7, 13, 5, 13, 4, 13, 1, 3, 0, 0, 0, 0, 0, 0, 0, 0, 0, 0, 0, 0, 0, 0, 0, 0, 0, 0, 2, 2, 10, 10, 9, 11, 8, 12, 7, 13, 7, 15, 7, 17, 6, 19, 5, 21, 3, 22, 2, 22, 0, 22, 0, 22, 0, 22, 1, 21, 2, 21, 3, 21, 4, 21, 6, 21, 7, 21, 9, 22, 11, 22, 12, 23, 13, 24, 14, 25, 14, 25, 14, 25]"
2025-06-02T00:26:31.790036,-47,11,11,0,128,279239226,"[82, 33, 21, 0, -27, 8, -26, 8, -25, 8, -24, 8, -22, 8, -21, 9, -20, 9, -19, 10, -18, 11, -16, 12, -16, 13, -15, 14, -15, 14, -16, 14, -16, 14, -17, 14, -17, 13, -18, 11, -18, 9, -17, 7, -16, 6, -15, 4, -14, 3, -14, 2, -14, 1, -4, 0, 0, 0, 0, 0, 0, 0, 0, 0, 0, 0, 0, 0, 0, 0, 0, 0, 0, 0, -3, 1, -12, 7, -13, 6, -14, 5, -15, 4, -16, 4, -18, 3, -20, 2, -21, 0, -22, -1, -22, -3, -22, -3, -22, -3, -21, -3, -21, -3, -21, -2, -21, -1, -21, 0, -21, 1, -22, 2, -23, 3, -23, 4, -24, 6, -25, 7, -26, 8, -27, 9, -27, 9]"
2025-06-02T00:26:32.099054,-47,11,11,0,128,279546415,"[82, 33, 21, 0, -2, -35, -2, -34, -2, -32, -2, -31, -4, -30, -5, -28, -6, -27, -7, -25, -8, -24, -10, -24, -11, -23, -12, -23, -12, -23, -12, -23, -12, -24, -11, -25, -10, -25, -8, -25, -6, -24, -4, -22, -2, -21, 0, -20, 0, -18, 2, -17, 3, -17, 1, -5, 0, 0, 0, 0, 0, 0, 0, 0, 0, 0, 0, 0, 0, 0, 0, 0, 0, 0, -2, -4, -7, -16, -5, -17, -4, -18, -3, -19, -2, -21, 0, -23, 2, -24, 4, -26, 6, -26, 7, -26, 8, -25, 8, -25, 8, -25, 8, -24, 7, -24, 6, -25, 5, -25, 4, -26, 3, -27, 1, -28, 0, -30, -1, -31, -2, -32, -3, -34, -3, -35, -3, -35]"
2025-06-02T00:26:32.406069,-47,11,11,0,128,279853616,"[82, 33, 21, 0, -22, 27, -22, 26, -21, 25, -19, 25, -18, 24, -16, 23, -14, 23, -12, 23, -11, 23, -9, 23, -8, 24, -7, 24, -7, 25, -6, 25, -7, 25, -7, 25, -9, 25, -11, 23, -12, 20, -13, 18, -13, 16, -13, 14, -13, 13, -13, 11, -14, 9, -4, 2, 0, 0, 0, 0, 0, 0, 0, 0, 0, 0, 0, 0, 0, 0, 0, 0, 0, 0, -2, 4, -7, 16, -8, 15, -10, 15, -12, 15, -14, 16, -16, 16, -19, 16, -21, 15, -23, 14, -25, 12, -25, 11, -25, 11, -24, 11, -23, 11, -23, 12, -22, 13, -22, 15, -21, 16, -21, 18, -21, 19, -21, 21, -21, 23, -21, 24, -22, 26, -22, 27, -22, 27]"
2025-06-02T00:26:32.709047,-47,11,11,0,128,280160826,"[82, 33, 21, 0, -4, 27, -3, 26, -3, 25, -2, 24, -1, 23, 0, 22, 1, 21, 2, 20, 3, 19, 4, 19, 5, 18, 6, 18, 7, 18, 7, 18, 7, 19, 7, 20, 5, 20, 4, 19, 2, 18, 0, 17, -1, 16, -2, 15, -3, 13, -4, 13, -5, 12, -2, 3, 0, 0, 0, 0, 0, 0, 0, 0, 0, 0, 0, 0, 0, 0, 0, 0, 0, 0, 0, 3, 1, 13, 0, 13, -2, 14, -3, 14, -4, 16, -5, 17, -7, 18, -8, 18, -10, 18, -12, 18, -13, 17, -13, 17, -12, 16, -12, 16, -11, 17, -10, 17, -9, 18, -8, 19, -7, 20, -6, 21, -5, 22, -5, 23, -4, 25, -4, 26, -4, 26, -4, 26]"
2025-06-02T00:26:33.015988,-47,11,11,0,128,280468021,"[82, 33, 21, 0, 18, 24, 18, 23, 17, 22, 17, 21, 17, 19, 17, 18, 17, 16, 17, 14, 18, 12, 18, 11, 19, 10, 19, 10, 20, 10, 20, 10, 20, 10, 20, 11, 19, 12, 17, 13, 15, 14, 13, 14, 11, 14, 9, 13, 8, 13, 7, 13, 6, 13, 1, 3, 0, 0, 0, 0, 0, 0, 0, 0, 0, 0, 0, 0, 0, 0, 0, 0, 0, 0, 3, 1, 12, 8, 12, 9, 11, 10, 11, 12, 11, 14, 11, 16, 11, 18, 9, 20, 8, 21, 7, 22, 7, 22, 6, 22, 6, 21, 6, 21, 7, 21, 7, 21, 8, 20, 10, 20, 11, 21, 13, 21, 14, 21, 16, 21, 17, 21, 19, 22, 20, 22, 20, 23]"
2025-06-02T00:26:33.322096,-47,11,11,0,128,280775284,"[82, 33, 21, 0, 10, 33, 9, 32, 9, 30, 9, 29, 10, 28, 11, 26, 11, 24, 12, 22, 13, 20, 15, 19, 16, 19, 16, 19, 17, 19, 17, 19, 17, 19, 16, 20, 15, 21, 13, 21, 10, 21, 8, 20, 6, 19, 4, 18, 3, 17, 1, 16, 0, 16, 0, 4, 0, 0, 0, 0, 0, 0, 0, 0, 0, 0, 0, 0, 0, 0, 0, 0, 0, 0, 2, 3, 10, 14, 9, 14, 7, 15, 7, 17, 6, 19, 5, 21, 4, 24, 2, 26, 0, 26, -2, 26, -3, 26, -3, 26, -3, 25, -3, 25, -2, 25, -1, 25, 1, 25, 2, 26, 4, 26, 5, 27, 6, 28, 8, 29, 9, 30, 10, 32, 11, 32, 11, 32]"
2025-06-02T00:26:33.639112,-47,11,11,0,128,281082431,"[82, 33, 21, 0, -31, -18, -30, -17, -29, -16, -28, -15, -27, -13, -26, -12, -26, -10, -26, -8, -25, -6, -25, -5, -25, -4, -26, -3, -26, -2, -26, -2, -27, -2, -27, -3, -27, -5, -25, -7, -24, -8, -21, -9, -19, -10, -17, -10, -15, -11, -14, -11, -13, -12, -3, -4, 0, 0, 0, 0, 0, 0, 0, 0, 0, 0, 0, 0, 0, 0, 0, 0, 0, 0, -5, -1, -17, -5, -17, -6, -17, -8, -17, -9, -18, -11, -19, -14, -19, -16, -19, -19, -18, -21, -17, -22, -15, -23, -15, -23, -15, -22, -15, -21, -16, -21, -17, -20, -18, -19, -20, -19, -21, -18, -23, -18, -25, -17, -26, -17, -28, -17, -29, -17, -30, -18, -30, -18]"
2025-06-02T00:26:33.936924,-47,11,11,0,128,281389620,"[82, 33, 21, 0, 33, 2, 33, 2, 32, 2, 30, 0, 29, -1, 28, -2, 27, -3, 26, -5, 25, -6, 24, -7, 23, -8, 23, -9, 23, -10, 23, -11, 24, -11, 24, -10, 25, -9, 24, -7, 23, -4, 22, -2, 20, -1, 19, 0, 17, 1, 16, 3, 16, 4, 4, 1, 0, 0, 0, 0, 0, 0, 0, 0, 0, 0, 0, 0, 0, 0, 0, 0, 0, 0, 4, -1, 16, -3, 17, -1, 17, 0, 18, 2, 20, 3, 21, 5, 22, 7, 23, 9, 23, 11, 23, 13, 22, 14, 21, 15, 21, 14, 21, 13, 21, 12, 22, 11, 23, 9, 24, 8, 25, 7, 27, 6, 28, 5, 30, 4, 31, 3, 33, 3, 34, 3, 34, 3]"
2025-06-02T00:26:34.245094,-47,11,11,0,128,281696797,"[82, 33, 21, 0, -4, 30, -4, 30, -3, 28, -3, 27, -1, 26, 0, 25, 1, 24, 2, 23, 4, 22, 5, 21, 6, 21, 7, 21, 7, 21, 8, 21, 7, 22, 7, 22, 5, 22, 3, 22, 2, 21, 0, 20, -1, 18, -3, 17, -4, 16, -5, 14, -6, 14, -2, 3, 0, 0, 0, 0, 0, 0, 0, 0, 0, 0, 0, 0, 0, 0, 0, 0, 0, 0, 0, 3, 2, 15, 1, 15, -1, 15, -2, 16, -3, 18, -4, 19, -6, 20, -8, 21, -10, 21, -12, 21, -13, 20, -13, 20, -13, 19, -12, 19, -11, 20, -10, 20, -9, 21, -8, 22, -7, 23, -6, 24, -5, 25, -4, 27, -4, 29, -4, 30, -3, 31, -3, 31]"
2025-06-02T00:26:34.556153,-47,11,11,0,128,282004022,"[82, 33, 21, 0, 18, -24, 18, -24, 17, -23, 16, -23, 14, -22, 13, -22, 11, -22, 9, -21, 8, -22, 7, -22, 6, -22, 5, -22, 4, -23, 4, -23, 5, -23, 6, -23, 7, -23, 8, -21, 9, -20, 10, -18, 10, -16, 10, -14, 10, -12, 11, -11, 12, -9, 3, -3, 0, 0, 0, 0, 0, 0, 0, 0, 0, 0, 0, 0, 0, 0, 0, 0, 0, 0, 1, -4, 6, -14, 7, -14, 8, -14, 10, -14, 11, -15, 13, -15, 16, -15, 18, -14, 20, -13, 21, -12, 21, -10, 21, -10, 21, -10, 20, -10, 19, -11, 19, -12, 18, -13, 18, -15, 18, -16, 18, -18, 17, -20, 17, -21, 18, -22, 19, -23, 19, -24, 20, -25]"
2025-06-02T00:26:34.864043,-47,11,11,0,128,282311235,"[82, 33, 21, 0, -34, -2, -33, -2, -32, -2, -31, -1, -30, 0, -28, 1, -27, 2, -26, 4, -25, 5, -25, 6, -24, 7, -24, 8, -24, 9, -24, 10, -24, 10, -25, 9, -26, 7, -25, 5, -24, 3, -22, 1, -21, 0, -19, -1, -18, -3, -17, -4, -17, -6, -5, -2, 0, 0, 0, 0, 0, 0, 0, 0, 0, 0, 0, 0, 0, 0, 0, 0, 0, 0, -5, 0, -17, 2, -17, 1, -18, -1, -19, -2, -21, -3, -23, -4, -24, -6, -24, -9, -24, -11, -24, -13, -23, -14, -22, -15, -22, -14, -22, -13, -23, -12, -23, -11, -24, -9, -25, -8, -27, -7, -28, -6, -29, -5, -31, -4, -32, -3, -33, -3, -35, -3, -35, -3]"
2025-06-02T00:26:35.165943,-47,11,11,0,128,282618467,"[82, 33, 21, 0, 18, 29, 17, 28, 17, 26, 17, 25, 17, 23, 17, 21, 18, 19, 18, 17, 19, 16, 19, 14, 20, 13, 21, 13, 21, 13, 22, 12, 22, 13, 21, 14, 20, 15, 19, 16, 17, 16, 14, 16, 12, 16, 10, 16, 8, 15, 7, 15, 5, 15, 1, 4, 0, 0, 0, 0, 0, 0, 0, 0, 0, 0, 0, 0, 0, 0, 0, 0, 0, 0, 3, 2, 12, 11, 11, 12, 10, 14, 10, 15, 10, 17, 9, 20, 9, 22, 7, 24, 5, 25, 4, 26, 2, 26, 2, 25, 2, 25, 3, 24, 4, 24, 5, 24, 6, 24, 8, 24, 9, 24, 11, 25, 13, 25, 15, 26, 16, 27, 17, 28, 18, 28, 18, 28]"
2025-06-02T00:26:35.473139,-47,11,11,0,128,282925632,"[82, 33, 21, 0, 0, 27, 0, 26, 0, 25, 1, 24, 2, 23, 3, 22, 4, 21, 5, 20, 6, 19, 7, 18, 7, 18, 8, 18, 9, 18, 10, 17, 10, 18, 9, 19, 8, 19, 6, 19, 4, 18, 3, 17, 1, 16, 0, 15, -1, 14, -2, 13, -3, 13, -1, 3, 0, 0, 0, 0, 0, 0, 0, 0, 0, 0, 0, 0, 0, 0, 0, 0, 0, 0, 0, 3, 2, 13, 1, 13, 0, 14, -1, 15, -2, 16, -3, 17, -5, 19, -7, 19, -8, 19, -10, 19, -11, 18, -11, 18, -11, 18, -10, 18, -9, 18, -8, 19, -7, 19, -6, 20, -5, 21, -4, 22, -3, 23, -2, 24, -1, 25, -1, 26, -1, 27, -1, 27]"
2025-06-02T00:26:35.780941,-47,11,11,0,128,283232837,"[82, 33, 21, 0, 27, 21, 26, 20, 25, 19, 24, 18, 24, 16, 23, 14, 23, 13, 23, 11, 23, 9, 23, 7, 24, 6, 24, 5, 25, 5, 25, 5, 25, 5, 25, 6, 24, 8, 23, 9, 21, 10, 18, 11, 16, 11, 14, 11, 13, 11, 11, 12, 10, 13, 2, 3, 0, 0, 0, 0, 0, 0, 0, 0, 0, 0, 0, 0, 0, 0, 0, 0, 0, 0, 4, 1, 15, 6, 15, 7, 14, 9, 15, 10, 15, 12, 16, 15, 16, 17, 15, 20, 14, 22, 13, 23, 12, 23, 12, 23, 12, 22, 12, 22, 12, 22, 13, 21, 14, 20, 16, 20, 18, 20, 19, 20, 21, 19, 23, 19, 25, 19, 26, 20, 27, 20, 28, 20]"
2025-06-02T00:26:36.092958,-47,11,11,0,128,283540034,"[82, 33, 21, 0, 22, -26, 22, -25, 21, -25, 19, -24, 17, -24, 16, -24, 14, -23, 12, -23, 10, -23, 9, -24, 8, -24, 7, -25, 6, -25, 6, -26, 6, -26, 7, -26, 9, -25, 10, -23, 12, -21, 12, -19, 12, -17, 12, -15, 12, -13, 12, -11, 13, -10, 3, -3, 0, 0, 0, 0, 0, 0, 0, 0, 0, 0, 0, 0, 0, 0, 0, 0, 0, 0, 1, -4, 7, -15, 9, -15, 10, -15, 12, -15, 14, -15, 16, -15, 19, -15, 21, -14, 23, -13, 24, -12, 24, -11, 24, -10, 24, -10, 23, -11, 22, -12, 22, -13, 21, -14, 21, -15, 21, -17, 21, -19, 21, -21, 21, -22, 22, -24, 22, -25, 22, -26, 23, -27]"
2025-06-02T00:26:36.403057,-47,11,11,0,128,283847227,"[82, 33, 21, 0, -15, -32, -15, -31, -14, -30, -14, -28, -15, -27, -15, -25, -16, -23, -17, -21, -17, -20, -18, -19, -19, -18, -20, -17, -20, -17, -21, -17, -20, -17, -20, -18, -19, -19, -17, -20, -15, -20, -12, -19, -10, -19, -8, -18, -7, -17, -5, -17, -4, -17, -1, -5, 0, 0, 0, 0, 0, 0, 0, 0, 0, 0, 0, 0, 0, 0, 0, 0, 0, 0, -3, -4, -11, -14, -10, -15, -9, -16, -9, -18, -8, -20, -8, -22, -7, -24, -5, -26, -3, -27, -1, -27, 0, -27, 0, -27, 0, -26, -1, -26, -1, -26, -3, -26, -4, -26, -6, -26, -7, -27, -9, -27, -11, -28, -12, -29, -14, -30, -14, -31, -15, -32, -15, -31]"
2025-06-02T00:26:36.707861,-47,11,11,0,128,284155787,"[82, 33, 21, 0, -21, 22, -20, 22, -19, 21, -18, 21, -16, 20, -14, 20, -13, 20, -12, 20, -10, 20, -9, 20, -8, 20, -7, 21, -6, 21, -6, 22, -7, 22, -7, 22, -8, 21, -10, 20, -11, 17, -12, 15, -12, 14, -12, 12, -12, 10, -12, 9, -13, 8, -4, 1, 0, 0, 0, 0, 0, 0, 0, 0, 0, 0, 0, 0, 0, 0, 0, 0, 0, 0, -2, 3, -7, 13, -8, 13, -10, 12, -12, 12, -13, 13, -15, 13, -17, 13, -19, 12, -21, 11, -22, 9, -22, 8, -22, 8, -22, 8, -21, 8, -21, 9, -20, 10, -20, 12, -19, 13, -19, 14, -19, 16, -19, 18, -19, 19, -20, 20, -20, 21, -21, 22, -21, 22]"
2025-06-02T00:26:37.018779,-47,11,11,0,128,284461633,"[82, 33, 21, 0, -18, -22, -17, -21, -17, -20, -17, -19, -16, -18, -17, -16, -17, -15, -17, -13, -17, -12, -18, -11, -18, -10, -19, -10, -19, -10, -19, -9, -19, -10, -19, -11, -18, -12, -17, -12, -15, -13, -13, -13, -11, -13, -10, -13, -8, -12, -7, -12, -6, -13, -2, -4, 0, 0, 0, 0, 0, 0, 0, 0, 0, 0, 0, 0, 0, 0, 0, 0, 0, 0, -3, -2, -12, -8, -11, -9, -11, -10, -11, -12, -11, -13, -11, -15, -10, -17, -10, -19, -8, -20, -7, -21, -6, -21, -6, -21, -6, -21, -6, -20, -7, -20, -8, -20, -9, -19, -10, -19, -11, -19, -13, -19, -14, -20, -15, -20, -17, -20, -18, -21, -18, -22, -19, -22]"
2025-06-02T00:26:37.325813,-47,11,11,0,128,284768826,"[82, 33, 21, 0, -26, -18, -25, -17, -24, -16, -24, -15, -23, -14, -23, -12, -22, -11, -22, -9, -22, -7, -22, -6, -23, -5, -23, -5, -23, -4, -23, -4, -24, -4, -24, -5, -23, -6, -22, -8, -20, -9, -18, -10, -16, -10, -14, -10, -13, -10, -11, -11, -11, -12, -3, -3, 0, 0, 0, 0, 0, 0, 0, 0, 0, 0, 0, 0, 0, 0, 0, 0, 0, 0, -4, -2, -15, -5, -15, -7, -14, -8, -15, -10, -15, -11, -16, -13, -16, -16, -16, -18, -15, -19, -14, -20, -13, -21, -12, -21, -12, -20, -12, -20, -13, -19, -14, -19, -15, -18, -16, -18, -18, -17, -19, -17, -21, -17, -22, -17, -24, -17, -25, -17, -26, -17, -26, -18]"
2025-06-02T00:26:37.623766,-47,11,11,0,128,285076042,"[82, 33, 21, 0, 27, -1, 26, -1, 25, -1, 24, -2, 23, -2, 22, -3, 21, -4, 20, -6, 19, -7, 18, -8, 18, -9, 17, -9, 17, -10, 18, -11, 18, -11, 18, -10, 19, -9, 19, -7, 18, -5, 17, -3, 16, -2, 15, -1, 14, 0, 13, 1, 13, 2, 3, 0, 0, 0, 0, 0, 0, 0, 0, 0, 0, 0, 0, 0, 0, 0, 0, 0, 0, 0, 3, -1, 13, -4, 13, -3, 14, -2, 15, -1, 16, 0, 17, 2, 18, 3, 19, 5, 19, 7, 19, 8, 19, 9, 18, 9, 18, 9, 18, 8, 18, 7, 19, 6, 19, 5, 20, 4, 21, 3, 22, 2, 23, 2, 24, 1, 25, 0, 26, -1, 27, -1, 27, -1]"
2025-06-02T00:26:37.935823,-48,11,11,0,128,285383232,"[82, 33, 21, 0, -21, 26, -21, 25, -20, 24, -18, 24, -16, 23, -15, 23, -13, 23, -11, 22, -10, 22, -8, 22, -7, 23, -7, 24, -6, 24, -6, 24, -7, 24, -7, 24, -9, 23, -10, 22, -11, 20, -12, 18, -13, 16, -12, 14, -12, 12, -13, 10, -14, 9, -4, 2, 0, 0, 0, 0, 0, 0, 0, 0, 0, 0, 0, 0, 0, 0, 0, 0, 0, 0, -2, 3, -6, 15, -8, 15, -9, 14, -11, 15, -13, 15, -15, 16, -17, 16, -20, 16, -22, 15, -23, 13, -23, 12, -23, 11, -23, 11, -22, 12, -22, 12, -21, 13, -21, 14, -20, 16, -20, 17, -20, 19, -20, 21, -20, 23, -20, 24, -20, 26, -20, 27, -20, 27]"
2025-06-02T00:26:38.236972,-47,11,11,0,128,285690409,"[82, 33, 21, 0, 7, 25, 7, 25, 7, 24, 7, 23, 7, 21, 8, 20, 9, 19, 9, 17, 10, 16, 11, 15, 12, 15, 12, 15, 13, 15, 13, 14, 13, 15, 13, 16, 12, 16, 10, 16, 8, 16, 6, 16, 5, 15, 3, 14, 2, 13, 1, 13, 0, 13, 0, 3, 0, 0, 0, 0, 0, 0, 0, 0, 0, 0, 0, 0, 0, 0, 0, 0, 0, 0, 1, 2, 7, 11, 5, 12, 4, 12, 4, 14, 3, 15, 3, 17, 1, 19, 0, 20, -2, 20, -3, 20, -4, 20, -5, 20, -4, 19, -4, 19, -3, 19, -2, 20, -1, 20, 0, 20, 1, 21, 3, 22, 4, 22, 5, 23, 6, 24, 7, 25, 7, 26, 7, 26]"
2025-06-02T00:26:38.551945,-49,11,11,0,128,285999232,"[82, 33, 21, 0, -29, -4, -28, -4, -27, -4, -26, -3, -25, -2, -24, -1, -23, 1, -22, 2, -22, 3, -21, 4, -21, 5, -21, 5, -21, 6, -21, 6, -22, 6, -22, 5, -22, 4, -22, 2, -21, 1, -19, -1, -18, -2, -16, -3, -15, -4, -14, -5, -14, -6, -4, -2, 0, 0, 0, 0, 0, 0, 0, 0, 0, 0, 0, 0, 0, 0, 0, 0, 0, 0, -4, 0, -15, 2, -15, 1, -15, -1, -16, -2, -18, -3, -19, -4, -20, -6, -20, -8, -21, -9, -20, -11, -20, -12, -19, -12, -19, -12, -19, -11, -19, -11, -20, -10, -20, -9, -21, -8, -22, -7, -23, -6, -24, -5, -26, -4, -27, -4, -28, -4, -29, -4, -29, -4]"
2025-06-02T00:26:38.851827,-47,11,11,0,128,286304846,"[82, 33, 21, 0, 15, 22, 15, 21, 15, 20, 14, 19, 14, 17, 14, 16, 15, 15, 15, 13, 15, 12, 16, 11, 16, 10, 16, 10, 17, 10, 17, 9, 17, 10, 17, 11, 16, 12, 15, 12, 13, 13, 11, 13, 9, 13, 7, 12, 6, 12, 5, 12, 4, 12, 1, 3, 0, 0, 0, 0, 0, 0, 0, 0, 0, 0, 0, 0, 0, 0, 0, 0, 0, 0, 2, 1, 11, 7, 10, 8, 9, 9, 9, 10, 10, 12, 10, 14, 9, 16, 8, 18, 7, 19, 6, 20, 5, 20, 4, 20, 4, 19, 5, 19, 5, 19, 6, 18, 7, 18, 8, 18, 9, 18, 11, 19, 12, 19, 13, 19, 14, 20, 15, 21, 16, 21, 17, 21]"
2025-06-02T00:26:39.158800,-47,11,11,0,128,286612035,"[82, 33, 21, 0, 27, 2, 26, 2, 25, 1, 24, 0, 23, -1, 22, -2, 21, -3, 20, -4, 19, -5, 19, -6, 18, -7, 18, -8, 18, -8, 18, -9, 19, -9, 19, -8, 19, -7, 19, -5, 18, -3, 17, -2, 16, -1, 14, 0, 13, 1, 13, 2, 13, 3, 3, 1, 0, 0, 0, 0, 0, 0, 0, 0, 0, 0, 0, 0, 0, 0, 0, 0, 0, 0, 3, -1, 13, -2, 13, -1, 14, 0, 14, 1, 16, 2, 17, 4, 18, 5, 18, 7, 18, 9, 18, 10, 17, 11, 17, 11, 16, 11, 17, 10, 17, 9, 17, 8, 18, 7, 19, 6, 20, 6, 21, 5, 22, 4, 23, 3, 25, 3, 26, 2, 27, 3, 27, 3]"
2025-06-02T00:26:39.468009,-48,11,11,0,128,286919236,"[82, 33, 21, 0, 32, -6, 32, -6, 31, -6, 29, -7, 27, -7, 26, -8, 24, -9, 23, -10, 22, -12, 21, -13, 20, -14, 20, -15, 20, -15, 20, -16, 20, -16, 21, -15, 22, -14, 22, -12, 21, -9, 20, -7, 19, -5, 17, -4, 16, -3, 16, -1, 16, 0, 4, 0, 0, 0, 0, 0, 0, 0, 0, 0, 0, 0, 0, 0, 0, 0, 0, 0, 0, 0, 3, -2, 15, -7, 15, -6, 16, -4, 18, -4, 20, -3, 21, -1, 23, 0, 24, 2, 25, 4, 25, 6, 24, 7, 24, 8, 23, 7, 23, 6, 24, 5, 24, 4, 24, 3, 25, 2, 26, 0, 27, -1, 28, -3, 29, -4, 30, -5, 31, -6, 33, -6, 34, -6]"
2025-06-02T00:26:39.780900,-47,11,11,0,128,287226445,"[82, 33, 21, 0, -10, -33, -9, -32, -9, -31, -9, -29, -10, -28, -11, -26, -12, -25, -13, -23, -13, -22, -15, -21, -16, -20, -16, -20, -17, -20, -17, -20, -17, -20, -16, -21, -15, -22, -13, -22, -11, -22, -9, -21, -6, -20, -5, -19, -3, -18, -2, -17, -1, -17, 0, -5, 0, 0, 0, 0, 0, 0, 0, 0, 0, 0, 0, 0, 0, 0, 0, 0, 0, 0, -3, -4, -10, -15, -9, -15, -7, -17, -6, -18, -6, -20, -5, -22, -4, -24, -2, -26, 0, -27, 2, -27, 3, -26, 3, -26, 3, -26, 3, -26, 2, -25, 1, -25, -1, -25, -2, -26, -3, -27, -5, -28, -6, -29, -8, -30, -9, -31, -10, -32, -10, -33, -10, -33]"
2025-06-02T00:26:40.079984,-47,11,11,0,128,287533642,"[82, 33, 21, 0, 13, 23, 13, 23, 13, 22, 13, 20, 13, 19, 13, 18, 13, 16, 14, 15, 14, 13, 15, 12, 15, 12, 16, 11, 16, 11, 17, 11, 17, 11, 17, 12, 16, 13, 14, 13, 12, 14, 10, 14, 8, 13, 7, 13, 5, 12, 4, 12, 3, 12, 0, 3, 0, 0, 0, 0, 0, 0, 0, 0, 0, 0, 0, 0, 0, 0, 0, 0, 0, 0, 2, 2, 9, 9, 8, 10, 8, 11, 7, 12, 7, 14, 7, 16, 6, 18, 5, 19, 4, 20, 2, 21, 1, 21, 1, 21, 1, 20, 2, 20, 2, 19, 3, 19, 4, 19, 6, 20, 7, 20, 8, 20, 9, 21, 11, 21, 12, 22, 13, 23, 13, 23, 13, 23]"
2025-06-02T00:26:40.388051,-47,11,11,0,128,287840835,"[82, 33, 21, 0, 11, 25, 10, 24, 10, 23, 11, 22, 11, 21, 11, 19, 11, 18, 12, 16, 13, 15, 14, 14, 14, 13, 15, 13, 15, 13, 16, 12, 16, 13, 15, 14, 14, 14, 13, 15, 11, 15, 9, 15, 7, 14, 6, 14, 4, 13, 3, 13, 2, 13, 0, 3, 0, 0, 0, 0, 0, 0, 0, 0, 0, 0, 0, 0, 0, 0, 0, 0, 0, 0, 2, 2, 8, 10, 7, 11, 6, 12, 6, 13, 6, 15, 5, 17, 4, 19, 3, 20, 1, 21, 0, 21, -1, 21, -2, 21, -2, 20, -1, 20, 0, 20, 1, 20, 2, 20, 3, 20, 5, 21, 6, 21, 7, 22, 8, 22, 10, 23, 10, 24, 11, 25, 11, 25]"
2025-06-02T00:26:40.699949,-47,11,11,0,128,288148051,"[82, 33, 21, 0, 12, -28, 11, -28, 11, -27, 10, -26, 8, -25, 7, -25, 5, -24, 4, -23, 2, -23, 1, -23, 0, -23, -1, -23, -1, -23, -1, -23, -1, -24, 0, -24, 1, -24, 3, -23, 4, -21, 5, -19, 6, -18, 7, -16, 7, -15, 8, -13, 9, -12, 2, -3, 0, 0, 0, 0, 0, 0, 0, 0, 0, 0, 0, 0, 0, 0, 0, 0, 0, 0, 0, -4, 2, -16, 3, -16, 4, -16, 6, -16, 7, -17, 9, -18, 11, -19, 13, -19, 15, -18, 16, -17, 17, -17, 17, -16, 17, -16, 16, -16, 16, -16, 15, -17, 14, -18, 13, -19, 13, -21, 12, -22, 12, -24, 11, -25, 11, -27, 11, -28, 11, -29, 11, -29]"
2025-06-02T00:26:41.008736,-48,11,11,0,128,288456357,"[82, 33, 21, 0, -1, 33, -1, 32, 0, 31, 0, 30, 1, 28, 2, 27, 3, 26, 5, 24, 6, 23, 7, 23, 8, 23, 9, 22, 10, 22, 11, 22, 11, 22, 10, 23, 8, 24, 6, 23, 4, 22, 2, 21, 0, 20, -1, 18, -2, 17, -4, 16, -5, 15, -2, 3, 0, 0, 0, 0, 0, 0, 0, 0, 0, 0, 0, 0, 0, 0, 0, 0, 0, 0, 1, 4, 4, 16, 2, 16, 1, 17, 0, 18, -1, 20, -3, 21, -5, 23, -7, 24, -9, 24, -11, 24, -13, 23, -13, 22, -13, 22, -11, 22, -10, 22, -9, 23, -8, 24, -7, 24, -6, 26, -4, 27, -3, 28, -2, 30, -2, 31, -2, 33, -1, 33, -1, 33]"
2025-06-02T00:26:41.315075,-48,11,11,0,128,288762441,"[82, 33, 21, 0, -28, 20, -27, 19, -26, 19, -24, 19, -22, 19, -20, 19, -19, 19, -17, 19, -16, 19, -15, 20, -13, 20, -13, 21, -12, 22, -12, 22, -12, 22, -13, 22, -14, 21, -15, 19, -16, 17, -16, 15, -16, 13, -16, 11, -15, 9, -15, 7, -16, 6, -4, 1, 0, 0, 0, 0, 0, 0, 0, 0, 0, 0, 0, 0, 0, 0, 0, 0, 0, 0, -3, 3, -11, 13, -12, 12, -14, 11, -15, 11, -17, 11, -19, 11, -22, 10, -24, 9, -25, 8, -26, 6, -26, 4, -26, 4, -25, 4, -25, 4, -25, 6, -24, 7, -24, 8, -24, 10, -24, 12, -24, 13, -25, 15, -25, 16, -26, 18, -27, 19, -28, 20, -28, 20]"
2025-06-02T00:26:41.621094,-47,11,11,0,128,289069650,"[82, 33, 21, 0, 30, -14, 29, -14, 28, -14, 27, -14, 25, -14, 24, -14, 22, -14, 21, -15, 19, -16, 17, -18, 16, -19, 16, -19, 16, -19, 16, -20, 17, -20, 18, -19, 19, -18, 20, -16, 19, -13, 19, -11, 18, -9, 17, -8, 16, -6, 16, -5, 16, -3, 4, -1, 0, 0, 0, 0, 0, 0, 0, 0, 0, 0, 0, 0, 0, 0, 0, 0, 0, 0, 3, -3, 12, -12, 13, -10, 14, -9, 16, -9, 18, -9, 20, -8, 22, -6, 24, -5, 25, -3, 26, -1, 26, -1, 25, -1, 25, -1, 24, -1, 24, -2, 24, -3, 24, -4, 25, -6, 25, -7, 26, -8, 27, -10, 28, -11, 29, -13, 29, -15, 30, -16, 30, -16]"
2025-06-02T00:26:41.929115,-47,11,11,0,128,289376847,"[82, 33, 21, 0, -2, -28, -2, -27, -2, -26, -3, -25, -4, -24, -4, -23, -5, -21, -6, -20, -7, -19, -8, -19, -9, -19, -10, -19, -11, -18, -11, -18, -11, -19, -10, -19, -9, -19, -8, -19, -6, -19, -4, -18, -3, -17, -1, -16, 0, -15, 1, -14, 2, -14, 0, -4, 0, 0, 0, 0, 0, 0, 0, 0, 0, 0, 0, 0, 0, 0, 0, 0, 0, 0, -2, -4, -4, -14, -3, -14, -2, -15, -1, -16, 0, -17, 1, -19, 2, -20, 4, -20, 6, -20, 7, -20, 9, -20, 9, -19, 9, -19, 8, -19, 7, -19, 6, -20, 5, -20, 4, -21, 3, -22, 1, -23, 0, -24, 0, -25, -1, -26, -1, -27, -1, -28, -1, -28]"
2025-06-02T00:26:42.230919,-47,11,11,0,128,289684020,"[82, 33, 21, 0, 19, 19, 19, 18, 18, 17, 18, 16, 17, 15, 17, 13, 17, 12, 17, 10, 17, 9, 18, 7, 18, 7, 18, 7, 19, 6, 19, 6, 19, 7, 19, 8, 18, 9, 17, 10, 15, 11, 13, 11, 11, 11, 10, 11, 8, 10, 7, 11, 6, 11, 1, 3, 0, 0, 0, 0, 0, 0, 0, 0, 0, 0, 0, 0, 0, 0, 0, 0, 0, 0, 3, 1, 12, 5, 12, 6, 11, 7, 11, 8, 12, 10, 12, 12, 12, 14, 12, 16, 11, 17, 9, 18, 9, 19, 8, 19, 8, 18, 8, 18, 9, 18, 9, 17, 10, 17, 11, 16, 13, 16, 14, 17, 16, 17, 17, 17, 18, 17, 19, 17, 20, 17, 21, 17]"
2025-06-02T00:26:42.543091,-48,11,11,0,128,289994112,"[82, 33, 21, 0, 32, -7, 32, -6, 30, -7, 29, -7, 27, -8, 26, -9, 24, -10, 23, -11, 21, -12, 20, -13, 20, -14, 19, -15, 19, -16, 19, -16, 20, -16, 20, -15, 21, -14, 22, -12, 21, -10, 20, -8, 19, -6, 17, -5, 16, -3, 16, -2, 16, 0, 4, 0, 0, 0, 0, 0, 0, 0, 0, 0, 0, 0, 0, 0, 0, 0, 0, 0, 0, 0, 3, -2, 15, -7, 15, -6, 16, -5, 18, -4, 20, -3, 21, -2, 23, 0, 24, 2, 25, 4, 25, 6, 24, 7, 24, 7, 24, 7, 24, 6, 24, 5, 24, 4, 24, 3, 25, 1, 26, 0, 27, -2, 28, -3, 29, -4, 30, -6, 31, -6, 32, -7, 33, -7]"
2025-06-02T00:26:42.845958,-47,11,11,0,128,290298453,"[82, 33, 21, 0, 10, 25, 10, 24, 10, 23, 10, 22, 10, 21, 10, 20, 11, 18, 11, 16, 12, 15, 13, 14, 14, 13, 14, 13, 15, 12, 15, 12, 16, 13, 15, 14, 14, 14, 13, 15, 11, 15, 9, 15, 7, 14, 6, 14, 4, 13, 3, 13, 2, 13, 0, 3, 0, 0, 0, 0, 0, 0, 0, 0, 0, 0, 0, 0, 0, 0, 0, 0, 0, 0, 2, 2, 8, 11, 6, 11, 5, 12, 5, 13, 5, 15, 4, 17, 3, 19, 1, 20, 0, 21, -2, 21, -3, 21, -3, 20, -3, 20, -2, 20, -1, 20, 0, 20, 1, 20, 2, 20, 4, 21, 5, 21, 6, 22, 7, 23, 8, 24, 9, 25, 10, 25, 10, 25]"
2025-06-02T00:26:43.156986,-47,11,11,0,128,290605650,"[82, 33, 21, 0, -16, 34, -16, 33, -15, 32, -13, 31, -12, 30, -10, 29, -8, 29, -6, 28, -4, 27, -3, 27, -1, 27, 0, 28, 0, 28, 0, 28, 0, 28, -1, 29, -3, 28, -5, 27, -7, 25, -8, 23, -9, 20, -10, 19, -10, 17, -11, 15, -12, 14, -4, 3, 0, 0, 0, 0, 0, 0, 0, 0, 0, 0, 0, 0, 0, 0, 0, 0, 0, 0, -1, 4, -3, 18, -4, 18, -6, 18, -8, 19, -10, 20, -12, 22, -15, 22, -18, 22, -20, 22, -21, 20, -22, 19, -22, 19, -22, 19, -21, 19, -21, 19, -20, 20, -19, 21, -18, 23, -17, 25, -17, 26, -16, 28, -16, 30, -15, 32, -15, 33, -15, 35, -16, 35]"
2025-06-02T00:26:43.459958,-47,11,11,0,128,290912843,"[82, 33, 21, 0, 4, 26, 4, 26, 4, 25, 5, 23, 5, 22, 6, 21, 7, 20, 7, 18, 9, 17, 10, 17, 11, 16, 11, 16, 11, 16, 11, 16, 11, 17, 11, 17, 10, 18, 8, 18, 6, 17, 4, 17, 3, 16, 2, 15, 1, 14, -1, 13, -2, 13, -1, 3, 0, 0, 0, 0, 0, 0, 0, 0, 0, 0, 0, 0, 0, 0, 0, 0, 0, 0, 1, 2, 6, 12, 5, 12, 4, 13, 3, 14, 3, 15, 2, 17, 1, 19, -1, 20, -3, 21, -4, 21, -5, 20, -5, 20, -5, 20, -4, 19, -4, 19, -3, 19, -2, 20, -1, 20, 0, 21, 1, 22, 2, 23, 3, 24, 4, 24, 5, 26, 6, 26, 6, 26]"
2025-06-02T00:26:43.767121,-47,11,11,0,128,291220066,"[82, 33, 21, 0, 10, 32, 9, 31, 9, 30, 10, 28, 10, 26, 11, 25, 12, 23, 12, 21, 14, 20, 15, 18, 16, 18, 16, 18, 17, 18, 17, 17, 17, 18, 17, 19, 16, 20, 13, 20, 11, 20, 9, 19, 7, 18, 5, 17, 4, 16, 3, 16, 1, 16, 0, 4, 0, 0, 0, 0, 0, 0, 0, 0, 0, 0, 0, 0, 0, 0, 0, 0, 0, 0, 2, 3, 9, 14, 7, 14, 6, 15, 5, 17, 5, 19, 4, 21, 2, 23, 1, 25, -1, 26, -3, 26, -4, 26, -4, 25, -4, 25, -3, 24, -3, 24, -1, 24, 0, 24, 1, 25, 3, 26, 4, 27, 6, 28, 7, 29, 8, 30, 10, 31, 10, 31, 10, 31]"
2025-06-02T00:26:44.078926,-47,11,11,0,128,291527249,"[82, 33, 21, 0, 3, -35, 3, -34, 2, -33, 2, -32, 0, -31, -1, -29, -2, -28, -4, -27, -5, -26, -6, -26, -7, -25, -9, -25, -10, -25, -10, -25, -10, -26, -9, -26, -7, -26, -5, -26, -3, -25, -1, -23, 0, -22, 2, -20, 3, -18, 4, -17, 5, -16, 1, -4, 0, 0, 0, 0, 0, 0, 0, 0, 0, 0, 0, 0, 0, 0, 0, 0, 0, 0, -1, -5, -3, -17, -2, -18, 0, -18, 1, -20, 2, -21, 4, -23, 6, -24, 9, -25, 11, -25, 13, -24, 14, -23, 14, -23, 14, -22, 13, -22, 12, -23, 11, -24, 9, -24, 8, -26, 7, -27, 6, -28, 5, -30, 4, -31, 4, -33, 4, -34, 3, -35, 4, -36]"
2025-06-02T00:26:44.381077,-47,11,11,0,128,291834450,"[82, 33, 21, 0, 7, 26, 7, 25, 7, 24, 8, 23, 8, 22, 8, 20, 9, 19, 10, 18, 11, 16, 11, 16, 12, 15, 13, 15, 13, 14, 14, 14, 14, 15, 14, 16, 13, 16, 11, 16, 9, 16, 7, 16, 5, 15, 4, 14, 3, 14, 2, 13, 0, 13, 0, 3, 0, 0, 0, 0, 0, 0, 0, 0, 0, 0, 0, 0, 0, 0, 0, 0, 0, 0, 1, 2, 6, 11, 5, 12, 4, 13, 4, 14, 3, 16, 2, 17, 1, 19, 0, 20, -2, 21, -3, 21, -4, 20, -5, 20, -4, 20, -4, 19, -3, 19, -2, 20, -1, 20, 0, 20, 2, 21, 3, 22, 4, 23, 5, 23, 6, 24, 7, 25, 7, 26, 7, 26]"
